Country,WeekEnding,AgeBand,AgeBandQF,Admissions,AdmissionsQF
S92000003,20200301,Under 18,"",0,""
S92000003,20200308,Under 18,"",0,""
S92000003,20200315,Under 18,"",0,""
S92000003,20200322,Under 18,"","",c
S92000003,20200329,Under 18,"",6,""
S92000003,20200405,Under 18,"",8,""
S92000003,20200412,Under 18,"","",c
S92000003,20200419,Under 18,"","",c
S92000003,20200426,Under 18,"","",c
S92000003,20200503,Under 18,"","",c
S92000003,20200510,Under 18,"","",c
S92000003,20200517,Under 18,"","",c
S92000003,20200524,Under 18,"","",c
S92000003,20200531,Under 18,"","",c
S92000003,20200607,Under 18,"","",c
S92000003,20200614,Under 18,"",0,""
S92000003,20200621,Under 18,"",0,""
S92000003,20200628,Under 18,"","",c
S92000003,20200705,Under 18,"",0,""
S92000003,20200712,Under 18,"",0,""
S92000003,20200719,Under 18,"",0,""
S92000003,20200726,Under 18,"",0,""
S92000003,20200802,Under 18,"",0,""
S92000003,20200809,Under 18,"",0,""
S92000003,20200816,Under 18,"",0,""
S92000003,20200823,Under 18,"","",c
S92000003,20200830,Under 18,"",0,""
S92000003,20200906,Under 18,"","",c
S92000003,20200913,Under 18,"","",c
S92000003,20200920,Under 18,"","",c
S92000003,20200927,Under 18,"","",c
S92000003,20201004,Under 18,"","",c
S92000003,20201011,Under 18,"",7,""
S92000003,20201018,Under 18,"",9,""
S92000003,20201025,Under 18,"",9,""
S92000003,20201101,Under 18,"",7,""
S92000003,20201108,Under 18,"",12,""
S92000003,20201115,Under 18,"",11,""
S92000003,20201122,Under 18,"",7,""
S92000003,20201129,Under 18,"",8,""
S92000003,20201206,Under 18,"",9,""
S92000003,20201213,Under 18,"","",c
S92000003,20201220,Under 18,"",8,""
S92000003,20201227,Under 18,"",9,""
S92000003,20210103,Under 18,"",19,""
S92000003,20210110,Under 18,"",13,""
S92000003,20210117,Under 18,"",15,""
S92000003,20210124,Under 18,"",14,""
S92000003,20210131,Under 18,"",11,""
S92000003,20210207,Under 18,"",12,""
S92000003,20210214,Under 18,"",9,""
S92000003,20210221,Under 18,"",10,""
S92000003,20210228,Under 18,"",7,""
S92000003,20210307,Under 18,"","",c
S92000003,20210314,Under 18,"",6,""
S92000003,20210321,Under 18,"",8,""
S92000003,20210328,Under 18,"","",c
S92000003,20210404,Under 18,"",14,""
S92000003,20210411,Under 18,"",9,""
S92000003,20210418,Under 18,"","",c
S92000003,20210425,Under 18,"","",c
S92000003,20210502,Under 18,"","",c
S92000003,20210509,Under 18,"","",c
S92000003,20210516,Under 18,"","",c
S92000003,20210523,Under 18,"",9,""
S92000003,20210530,Under 18,"",9,""
S92000003,20210606,Under 18,"",17,""
S92000003,20210613,Under 18,"",19,""
S92000003,20210620,Under 18,"",17,""
S92000003,20210627,Under 18,"",29,""
S92000003,20210704,Under 18,"",31,""
S92000003,20210711,Under 18,"",26,""
S92000003,20210718,Under 18,"",34,""
S92000003,20210725,Under 18,"",21,""
S92000003,20210801,Under 18,"",26,""
S92000003,20210808,Under 18,"",18,""
S92000003,20210815,Under 18,"",24,""
S92000003,20210822,Under 18,"",23,""
S92000003,20210829,Under 18,"",47,""
S92000003,20210905,Under 18,"",65,""
S92000003,20210912,Under 18,"",79,""
S92000003,20210919,Under 18,"",65,""
S92000003,20210926,Under 18,"",54,""
S92000003,20211003,Under 18,"",35,""
S92000003,20211010,Under 18,"",40,""
S92000003,20211017,Under 18,"",23,""
S92000003,20211024,Under 18,"",32,""
S92000003,20211031,Under 18,"",22,""
S92000003,20211107,Under 18,"",28,""
S92000003,20211114,Under 18,"",29,""
S92000003,20211121,Under 18,"",26,""
S92000003,20211128,Under 18,"",37,""
S92000003,20211205,Under 18,"",32,""
S92000003,20211212,Under 18,"",39,""
S92000003,20211219,Under 18,"",39,""
S92000003,20211226,Under 18,"",54,""
S92000003,20220102,Under 18,"",101,""
S92000003,20220109,Under 18,"",99,""
S92000003,20220116,Under 18,"",103,""
S92000003,20220123,Under 18,"",100,""
S92000003,20220130,Under 18,"",95,""
S92000003,20220206,Under 18,"",96,""
S92000003,20220213,Under 18,"",62,""
S92000003,20220220,Under 18,"",79,""
S92000003,20220227,Under 18,"",93,""
S92000003,20220306,Under 18,"",102,""
S92000003,20220313,Under 18,"",128,""
S92000003,20220320,Under 18,"",136,""
S92000003,20220327,Under 18,"",130,""
S92000003,20220403,Under 18,"",113,""
S92000003,20220410,Under 18,"",80,""
S92000003,20220417,Under 18,"",70,""
S92000003,20220424,Under 18,"",40,""
S92000003,20220501,Under 18,"",32,""
S92000003,20220508,Under 18,"",29,""
S92000003,20220515,Under 18,"",34,""
S92000003,20220522,Under 18,"",19,""
S92000003,20220529,Under 18,"",31,""
S92000003,20220605,Under 18,"",39,""
S92000003,20220612,Under 18,"",47,""
S92000003,20220619,Under 18,"",66,""
S92000003,20220626,Under 18,"",78,""
S92000003,20220703,Under 18,"",96,""
S92000003,20220710,Under 18,"",75,""
S92000003,20220717,Under 18,"",61,""
S92000003,20220724,Under 18,"",55,""
S92000003,20220731,Under 18,"",51,""
S92000003,20220807,Under 18,"",44,""
S92000003,20220814,Under 18,"",34,""
S92000003,20220821,Under 18,"",26,""
S92000003,20220828,Under 18,"",41,""
S92000003,20220904,Under 18,"",36,""
S92000003,20220911,Under 18,"",24,""
S92000003,20220918,Under 18,"",27,""
S92000003,20220925,Under 18,"",22,""
S92000003,20221002,Under 18,"",15,""
S92000003,20221009,Under 18,"",23,""
S92000003,20221016,Under 18,"",19,""
S92000003,20200301,18-29,"",0,""
S92000003,20200308,18-29,"","",c
S92000003,20200315,18-29,"",10,""
S92000003,20200322,18-29,"","",c
S92000003,20200329,18-29,"",12,""
S92000003,20200405,18-29,"",8,""
S92000003,20200412,18-29,"","",c
S92000003,20200419,18-29,"","",c
S92000003,20200426,18-29,"","",c
S92000003,20200503,18-29,"","",c
S92000003,20200510,18-29,"","",c
S92000003,20200517,18-29,"","",c
S92000003,20200524,18-29,"","",c
S92000003,20200531,18-29,"",0,""
S92000003,20200607,18-29,"",0,""
S92000003,20200614,18-29,"","",c
S92000003,20200621,18-29,"",0,""
S92000003,20200628,18-29,"",0,""
S92000003,20200705,18-29,"",0,""
S92000003,20200712,18-29,"",0,""
S92000003,20200719,18-29,"",0,""
S92000003,20200726,18-29,"","",c
S92000003,20200802,18-29,"",0,""
S92000003,20200809,18-29,"",0,""
S92000003,20200816,18-29,"","",c
S92000003,20200823,18-29,"","",c
S92000003,20200830,18-29,"","",c
S92000003,20200906,18-29,"",0,""
S92000003,20200913,18-29,"","",c
S92000003,20200920,18-29,"","",c
S92000003,20200927,18-29,"","",c
S92000003,20201004,18-29,"","",c
S92000003,20201011,18-29,"",9,""
S92000003,20201018,18-29,"",14,""
S92000003,20201025,18-29,"",11,""
S92000003,20201101,18-29,"",21,""
S92000003,20201108,18-29,"",8,""
S92000003,20201115,18-29,"",16,""
S92000003,20201122,18-29,"",13,""
S92000003,20201129,18-29,"",8,""
S92000003,20201206,18-29,"",11,""
S92000003,20201213,18-29,"","",c
S92000003,20201220,18-29,"",11,""
S92000003,20201227,18-29,"",10,""
S92000003,20210103,18-29,"",15,""
S92000003,20210110,18-29,"",30,""
S92000003,20210117,18-29,"",19,""
S92000003,20210124,18-29,"",24,""
S92000003,20210131,18-29,"",13,""
S92000003,20210207,18-29,"",18,""
S92000003,20210214,18-29,"",15,""
S92000003,20210221,18-29,"",16,""
S92000003,20210228,18-29,"",14,""
S92000003,20210307,18-29,"",8,""
S92000003,20210314,18-29,"",12,""
S92000003,20210321,18-29,"",13,""
S92000003,20210328,18-29,"",11,""
S92000003,20210404,18-29,"","",c
S92000003,20210411,18-29,"",7,""
S92000003,20210418,18-29,"",9,""
S92000003,20210425,18-29,"",8,""
S92000003,20210502,18-29,"","",c
S92000003,20210509,18-29,"",5,""
S92000003,20210516,18-29,"",5,""
S92000003,20210523,18-29,"",13,""
S92000003,20210530,18-29,"",6,""
S92000003,20210606,18-29,"",20,""
S92000003,20210613,18-29,"",19,""
S92000003,20210620,18-29,"",22,""
S92000003,20210627,18-29,"",32,""
S92000003,20210704,18-29,"",48,""
S92000003,20210711,18-29,"",73,""
S92000003,20210718,18-29,"",48,""
S92000003,20210725,18-29,"",35,""
S92000003,20210801,18-29,"",27,""
S92000003,20210808,18-29,"",18,""
S92000003,20210815,18-29,"",17,""
S92000003,20210822,18-29,"",21,""
S92000003,20210829,18-29,"",43,""
S92000003,20210905,18-29,"",48,""
S92000003,20210912,18-29,"",45,""
S92000003,20210919,18-29,"",28,""
S92000003,20210926,18-29,"",25,""
S92000003,20211003,18-29,"",15,""
S92000003,20211010,18-29,"",17,""
S92000003,20211017,18-29,"",14,""
S92000003,20211024,18-29,"",19,""
S92000003,20211031,18-29,"",18,""
S92000003,20211107,18-29,"",16,""
S92000003,20211114,18-29,"",18,""
S92000003,20211121,18-29,"",12,""
S92000003,20211128,18-29,"",13,""
S92000003,20211205,18-29,"",19,""
S92000003,20211212,18-29,"",15,""
S92000003,20211219,18-29,"",20,""
S92000003,20211226,18-29,"",36,""
S92000003,20220102,18-29,"",50,""
S92000003,20220109,18-29,"",52,""
S92000003,20220116,18-29,"",37,""
S92000003,20220123,18-29,"",35,""
S92000003,20220130,18-29,"",24,""
S92000003,20220206,18-29,"",25,""
S92000003,20220213,18-29,"",40,""
S92000003,20220220,18-29,"",30,""
S92000003,20220227,18-29,"",23,""
S92000003,20220306,18-29,"",26,""
S92000003,20220313,18-29,"",29,""
S92000003,20220320,18-29,"",43,""
S92000003,20220327,18-29,"",47,""
S92000003,20220403,18-29,"",27,""
S92000003,20220410,18-29,"",24,""
S92000003,20220417,18-29,"",28,""
S92000003,20220424,18-29,"",13,""
S92000003,20220501,18-29,"",10,""
S92000003,20220508,18-29,"",7,""
S92000003,20220515,18-29,"","",c
S92000003,20220522,18-29,"",6,""
S92000003,20220529,18-29,"",10,""
S92000003,20220605,18-29,"",9,""
S92000003,20220612,18-29,"",15,""
S92000003,20220619,18-29,"",13,""
S92000003,20220626,18-29,"",21,""
S92000003,20220703,18-29,"",18,""
S92000003,20220710,18-29,"",26,""
S92000003,20220717,18-29,"",25,""
S92000003,20220724,18-29,"",16,""
S92000003,20220731,18-29,"",5,""
S92000003,20220807,18-29,"",9,""
S92000003,20220814,18-29,"",8,""
S92000003,20220821,18-29,"","",c
S92000003,20220828,18-29,"",8,""
S92000003,20220904,18-29,"",9,""
S92000003,20220911,18-29,"",10,""
S92000003,20220918,18-29,"",7,""
S92000003,20220925,18-29,"",9,""
S92000003,20221002,18-29,"","",c
S92000003,20221009,18-29,"","",c
S92000003,20221016,18-29,"","",c
S92000003,20200301,30-39,"",0,""
S92000003,20200308,30-39,"","",c
S92000003,20200315,30-39,"",5,""
S92000003,20200322,30-39,"",8,""
S92000003,20200329,30-39,"",31,""
S92000003,20200405,30-39,"",35,""
S92000003,20200412,30-39,"",23,""
S92000003,20200419,30-39,"",14,""
S92000003,20200426,30-39,"",16,""
S92000003,20200503,30-39,"",13,""
S92000003,20200510,30-39,"",7,""
S92000003,20200517,30-39,"","",c
S92000003,20200524,30-39,"",6,""
S92000003,20200531,30-39,"","",c
S92000003,20200607,30-39,"","",c
S92000003,20200614,30-39,"","",c
S92000003,20200621,30-39,"",0,""
S92000003,20200628,30-39,"",0,""
S92000003,20200705,30-39,"",0,""
S92000003,20200712,30-39,"",0,""
S92000003,20200719,30-39,"",0,""
S92000003,20200726,30-39,"",0,""
S92000003,20200802,30-39,"",0,""
S92000003,20200809,30-39,"","",c
S92000003,20200816,30-39,"",0,""
S92000003,20200823,30-39,"","",c
S92000003,20200830,30-39,"","",c
S92000003,20200906,30-39,"","",c
S92000003,20200913,30-39,"","",c
S92000003,20200920,30-39,"","",c
S92000003,20200927,30-39,"",7,""
S92000003,20201004,30-39,"",10,""
S92000003,20201011,30-39,"",12,""
S92000003,20201018,30-39,"",19,""
S92000003,20201025,30-39,"",31,""
S92000003,20201101,30-39,"",21,""
S92000003,20201108,30-39,"",36,""
S92000003,20201115,30-39,"",26,""
S92000003,20201122,30-39,"",25,""
S92000003,20201129,30-39,"",23,""
S92000003,20201206,30-39,"",20,""
S92000003,20201213,30-39,"",14,""
S92000003,20201220,30-39,"",15,""
S92000003,20201227,30-39,"",24,""
S92000003,20210103,30-39,"",27,""
S92000003,20210110,30-39,"",45,""
S92000003,20210117,30-39,"",46,""
S92000003,20210124,30-39,"",45,""
S92000003,20210131,30-39,"",38,""
S92000003,20210207,30-39,"",29,""
S92000003,20210214,30-39,"",30,""
S92000003,20210221,30-39,"",39,""
S92000003,20210228,30-39,"",25,""
S92000003,20210307,30-39,"",29,""
S92000003,20210314,30-39,"",21,""
S92000003,20210321,30-39,"",23,""
S92000003,20210328,30-39,"",23,""
S92000003,20210404,30-39,"",17,""
S92000003,20210411,30-39,"",25,""
S92000003,20210418,30-39,"",14,""
S92000003,20210425,30-39,"",17,""
S92000003,20210502,30-39,"",9,""
S92000003,20210509,30-39,"",11,""
S92000003,20210516,30-39,"",9,""
S92000003,20210523,30-39,"",27,""
S92000003,20210530,30-39,"",24,""
S92000003,20210606,30-39,"",34,""
S92000003,20210613,30-39,"",30,""
S92000003,20210620,30-39,"",42,""
S92000003,20210627,30-39,"",40,""
S92000003,20210704,30-39,"",61,""
S92000003,20210711,30-39,"",69,""
S92000003,20210718,30-39,"",57,""
S92000003,20210725,30-39,"",48,""
S92000003,20210801,30-39,"",39,""
S92000003,20210808,30-39,"",25,""
S92000003,20210815,30-39,"",19,""
S92000003,20210822,30-39,"",27,""
S92000003,20210829,30-39,"",56,""
S92000003,20210905,30-39,"",71,""
S92000003,20210912,30-39,"",92,""
S92000003,20210919,30-39,"",90,""
S92000003,20210926,30-39,"",42,""
S92000003,20211003,30-39,"",39,""
S92000003,20211010,30-39,"",40,""
S92000003,20211017,30-39,"",35,""
S92000003,20211024,30-39,"",32,""
S92000003,20211031,30-39,"",36,""
S92000003,20211107,30-39,"",38,""
S92000003,20211114,30-39,"",40,""
S92000003,20211121,30-39,"",40,""
S92000003,20211128,30-39,"",52,""
S92000003,20211205,30-39,"",35,""
S92000003,20211212,30-39,"",36,""
S92000003,20211219,30-39,"",35,""
S92000003,20211226,30-39,"",48,""
S92000003,20220102,30-39,"",60,""
S92000003,20220109,30-39,"",52,""
S92000003,20220116,30-39,"",50,""
S92000003,20220123,30-39,"",50,""
S92000003,20220130,30-39,"",39,""
S92000003,20220206,30-39,"",38,""
S92000003,20220213,30-39,"",23,""
S92000003,20220220,30-39,"",38,""
S92000003,20220227,30-39,"",36,""
S92000003,20220306,30-39,"",49,""
S92000003,20220313,30-39,"",49,""
S92000003,20220320,30-39,"",64,""
S92000003,20220327,30-39,"",42,""
S92000003,20220403,30-39,"",31,""
S92000003,20220410,30-39,"",44,""
S92000003,20220417,30-39,"",20,""
S92000003,20220424,30-39,"",25,""
S92000003,20220501,30-39,"",14,""
S92000003,20220508,30-39,"",13,""
S92000003,20220515,30-39,"",17,""
S92000003,20220522,30-39,"",11,""
S92000003,20220529,30-39,"",12,""
S92000003,20220605,30-39,"",16,""
S92000003,20220612,30-39,"",19,""
S92000003,20220619,30-39,"",22,""
S92000003,20220626,30-39,"",21,""
S92000003,20220703,30-39,"",31,""
S92000003,20220710,30-39,"",33,""
S92000003,20220717,30-39,"",23,""
S92000003,20220724,30-39,"",26,""
S92000003,20220731,30-39,"",16,""
S92000003,20220807,30-39,"",15,""
S92000003,20220814,30-39,"",11,""
S92000003,20220821,30-39,"",10,""
S92000003,20220828,30-39,"",9,""
S92000003,20220904,30-39,"",16,""
S92000003,20220911,30-39,"",15,""
S92000003,20220918,30-39,"",10,""
S92000003,20220925,30-39,"",6,""
S92000003,20221002,30-39,"","",c
S92000003,20221009,30-39,"","",c
S92000003,20221016,30-39,"",8,""
S92000003,20200301,40-49,"",0,""
S92000003,20200308,40-49,"","",c
S92000003,20200315,40-49,"",9,""
S92000003,20200322,40-49,"",20,""
S92000003,20200329,40-49,"",65,""
S92000003,20200405,40-49,"",91,""
S92000003,20200412,40-49,"",64,""
S92000003,20200419,40-49,"",37,""
S92000003,20200426,40-49,"",25,""
S92000003,20200503,40-49,"",19,""
S92000003,20200510,40-49,"",16,""
S92000003,20200517,40-49,"",8,""
S92000003,20200524,40-49,"",8,""
S92000003,20200531,40-49,"",5,""
S92000003,20200607,40-49,"","",c
S92000003,20200614,40-49,"","",c
S92000003,20200621,40-49,"",0,""
S92000003,20200628,40-49,"",0,""
S92000003,20200705,40-49,"","",c
S92000003,20200712,40-49,"",0,""
S92000003,20200719,40-49,"",0,""
S92000003,20200726,40-49,"","",c
S92000003,20200802,40-49,"",0,""
S92000003,20200809,40-49,"",0,""
S92000003,20200816,40-49,"","",c
S92000003,20200823,40-49,"","",c
S92000003,20200830,40-49,"","",c
S92000003,20200906,40-49,"",5,""
S92000003,20200913,40-49,"","",c
S92000003,20200920,40-49,"",9,""
S92000003,20200927,40-49,"","",c
S92000003,20201004,40-49,"",14,""
S92000003,20201011,40-49,"",26,""
S92000003,20201018,40-49,"",40,""
S92000003,20201025,40-49,"",47,""
S92000003,20201101,40-49,"",55,""
S92000003,20201108,40-49,"",36,""
S92000003,20201115,40-49,"",56,""
S92000003,20201122,40-49,"",50,""
S92000003,20201129,40-49,"",30,""
S92000003,20201206,40-49,"",27,""
S92000003,20201213,40-49,"",26,""
S92000003,20201220,40-49,"",33,""
S92000003,20201227,40-49,"",32,""
S92000003,20210103,40-49,"",61,""
S92000003,20210110,40-49,"",69,""
S92000003,20210117,40-49,"",96,""
S92000003,20210124,40-49,"",69,""
S92000003,20210131,40-49,"",69,""
S92000003,20210207,40-49,"",51,""
S92000003,20210214,40-49,"",38,""
S92000003,20210221,40-49,"",40,""
S92000003,20210228,40-49,"",29,""
S92000003,20210307,40-49,"",27,""
S92000003,20210314,40-49,"",20,""
S92000003,20210321,40-49,"",23,""
S92000003,20210328,40-49,"",32,""
S92000003,20210404,40-49,"",19,""
S92000003,20210411,40-49,"",20,""
S92000003,20210418,40-49,"",15,""
S92000003,20210425,40-49,"",8,""
S92000003,20210502,40-49,"",13,""
S92000003,20210509,40-49,"",13,""
S92000003,20210516,40-49,"",14,""
S92000003,20210523,40-49,"",18,""
S92000003,20210530,40-49,"",25,""
S92000003,20210606,40-49,"",22,""
S92000003,20210613,40-49,"",32,""
S92000003,20210620,40-49,"",30,""
S92000003,20210627,40-49,"",29,""
S92000003,20210704,40-49,"",41,""
S92000003,20210711,40-49,"",63,""
S92000003,20210718,40-49,"",71,""
S92000003,20210725,40-49,"",42,""
S92000003,20210801,40-49,"",31,""
S92000003,20210808,40-49,"",37,""
S92000003,20210815,40-49,"",33,""
S92000003,20210822,40-49,"",33,""
S92000003,20210829,40-49,"",49,""
S92000003,20210905,40-49,"",70,""
S92000003,20210912,40-49,"",110,""
S92000003,20210919,40-49,"",97,""
S92000003,20210926,40-49,"",70,""
S92000003,20211003,40-49,"",64,""
S92000003,20211010,40-49,"",43,""
S92000003,20211017,40-49,"",45,""
S92000003,20211024,40-49,"",45,""
S92000003,20211031,40-49,"",61,""
S92000003,20211107,40-49,"",49,""
S92000003,20211114,40-49,"",56,""
S92000003,20211121,40-49,"",44,""
S92000003,20211128,40-49,"",43,""
S92000003,20211205,40-49,"",30,""
S92000003,20211212,40-49,"",53,""
S92000003,20211219,40-49,"",52,""
S92000003,20211226,40-49,"",47,""
S92000003,20220102,40-49,"",67,""
S92000003,20220109,40-49,"",66,""
S92000003,20220116,40-49,"",47,""
S92000003,20220123,40-49,"",38,""
S92000003,20220130,40-49,"",32,""
S92000003,20220206,40-49,"",50,""
S92000003,20220213,40-49,"",32,""
S92000003,20220220,40-49,"",31,""
S92000003,20220227,40-49,"",30,""
S92000003,20220306,40-49,"",32,""
S92000003,20220313,40-49,"",51,""
S92000003,20220320,40-49,"",45,""
S92000003,20220327,40-49,"",54,""
S92000003,20220403,40-49,"",59,""
S92000003,20220410,40-49,"",45,""
S92000003,20220417,40-49,"",32,""
S92000003,20220424,40-49,"",24,""
S92000003,20220501,40-49,"",15,""
S92000003,20220508,40-49,"",15,""
S92000003,20220515,40-49,"",23,""
S92000003,20220522,40-49,"",9,""
S92000003,20220529,40-49,"",10,""
S92000003,20220605,40-49,"",10,""
S92000003,20220612,40-49,"",29,""
S92000003,20220619,40-49,"",23,""
S92000003,20220626,40-49,"",40,""
S92000003,20220703,40-49,"",34,""
S92000003,20220710,40-49,"",30,""
S92000003,20220717,40-49,"",34,""
S92000003,20220724,40-49,"",24,""
S92000003,20220731,40-49,"",25,""
S92000003,20220807,40-49,"",20,""
S92000003,20220814,40-49,"",18,""
S92000003,20220821,40-49,"",9,""
S92000003,20220828,40-49,"",13,""
S92000003,20220904,40-49,"",12,""
S92000003,20220911,40-49,"",12,""
S92000003,20220918,40-49,"",12,""
S92000003,20220925,40-49,"",13,""
S92000003,20221002,40-49,"",8,""
S92000003,20221009,40-49,"",9,""
S92000003,20221016,40-49,"",10,""
S92000003,20200301,50-54,"","",c
S92000003,20200308,50-54,"",0,""
S92000003,20200315,50-54,"",5,""
S92000003,20200322,50-54,"",14,""
S92000003,20200329,50-54,"",57,""
S92000003,20200405,50-54,"",79,""
S92000003,20200412,50-54,"",56,""
S92000003,20200419,50-54,"",53,""
S92000003,20200426,50-54,"",25,""
S92000003,20200503,50-54,"",23,""
S92000003,20200510,50-54,"",16,""
S92000003,20200517,50-54,"",14,""
S92000003,20200524,50-54,"","",c
S92000003,20200531,50-54,"","",c
S92000003,20200607,50-54,"",0,""
S92000003,20200614,50-54,"","",c
S92000003,20200621,50-54,"","",c
S92000003,20200628,50-54,"",0,""
S92000003,20200705,50-54,"",0,""
S92000003,20200712,50-54,"",0,""
S92000003,20200719,50-54,"",0,""
S92000003,20200726,50-54,"",0,""
S92000003,20200802,50-54,"",0,""
S92000003,20200809,50-54,"","",c
S92000003,20200816,50-54,"",0,""
S92000003,20200823,50-54,"",0,""
S92000003,20200830,50-54,"","",c
S92000003,20200906,50-54,"","",c
S92000003,20200913,50-54,"","",c
S92000003,20200920,50-54,"",5,""
S92000003,20200927,50-54,"",14,""
S92000003,20201004,50-54,"",18,""
S92000003,20201011,50-54,"",29,""
S92000003,20201018,50-54,"",41,""
S92000003,20201025,50-54,"",48,""
S92000003,20201101,50-54,"",62,""
S92000003,20201108,50-54,"",23,""
S92000003,20201115,50-54,"",24,""
S92000003,20201122,50-54,"",31,""
S92000003,20201129,50-54,"",27,""
S92000003,20201206,50-54,"",28,""
S92000003,20201213,50-54,"",25,""
S92000003,20201220,50-54,"",32,""
S92000003,20201227,50-54,"",19,""
S92000003,20210103,50-54,"",46,""
S92000003,20210110,50-54,"",79,""
S92000003,20210117,50-54,"",76,""
S92000003,20210124,50-54,"",89,""
S92000003,20210131,50-54,"",51,""
S92000003,20210207,50-54,"",42,""
S92000003,20210214,50-54,"",39,""
S92000003,20210221,50-54,"",35,""
S92000003,20210228,50-54,"",32,""
S92000003,20210307,50-54,"",36,""
S92000003,20210314,50-54,"",22,""
S92000003,20210321,50-54,"",17,""
S92000003,20210328,50-54,"",9,""
S92000003,20210404,50-54,"",15,""
S92000003,20210411,50-54,"",6,""
S92000003,20210418,50-54,"",5,""
S92000003,20210425,50-54,"",5,""
S92000003,20210502,50-54,"","",c
S92000003,20210509,50-54,"",6,""
S92000003,20210516,50-54,"",5,""
S92000003,20210523,50-54,"",7,""
S92000003,20210530,50-54,"",5,""
S92000003,20210606,50-54,"",6,""
S92000003,20210613,50-54,"",5,""
S92000003,20210620,50-54,"",9,""
S92000003,20210627,50-54,"",11,""
S92000003,20210704,50-54,"",30,""
S92000003,20210711,50-54,"",31,""
S92000003,20210718,50-54,"",35,""
S92000003,20210725,50-54,"",31,""
S92000003,20210801,50-54,"",20,""
S92000003,20210808,50-54,"",13,""
S92000003,20210815,50-54,"",13,""
S92000003,20210822,50-54,"",24,""
S92000003,20210829,50-54,"",40,""
S92000003,20210905,50-54,"",47,""
S92000003,20210912,50-54,"",64,""
S92000003,20210919,50-54,"",50,""
S92000003,20210926,50-54,"",34,""
S92000003,20211003,50-54,"",41,""
S92000003,20211010,50-54,"",33,""
S92000003,20211017,50-54,"",30,""
S92000003,20211024,50-54,"",38,""
S92000003,20211031,50-54,"",36,""
S92000003,20211107,50-54,"",37,""
S92000003,20211114,50-54,"",44,""
S92000003,20211121,50-54,"",30,""
S92000003,20211128,50-54,"",19,""
S92000003,20211205,50-54,"",37,""
S92000003,20211212,50-54,"",30,""
S92000003,20211219,50-54,"",32,""
S92000003,20211226,50-54,"",37,""
S92000003,20220102,50-54,"",45,""
S92000003,20220109,50-54,"",43,""
S92000003,20220116,50-54,"",31,""
S92000003,20220123,50-54,"",30,""
S92000003,20220130,50-54,"",19,""
S92000003,20220206,50-54,"",20,""
S92000003,20220213,50-54,"",26,""
S92000003,20220220,50-54,"",17,""
S92000003,20220227,50-54,"",28,""
S92000003,20220306,50-54,"",32,""
S92000003,20220313,50-54,"",27,""
S92000003,20220320,50-54,"",43,""
S92000003,20220327,50-54,"",43,""
S92000003,20220403,50-54,"",36,""
S92000003,20220410,50-54,"",26,""
S92000003,20220417,50-54,"",13,""
S92000003,20220424,50-54,"",17,""
S92000003,20220501,50-54,"",12,""
S92000003,20220508,50-54,"",8,""
S92000003,20220515,50-54,"",15,""
S92000003,20220522,50-54,"",13,""
S92000003,20220529,50-54,"",15,""
S92000003,20220605,50-54,"",15,""
S92000003,20220612,50-54,"",11,""
S92000003,20220619,50-54,"",21,""
S92000003,20220626,50-54,"",34,""
S92000003,20220703,50-54,"",22,""
S92000003,20220710,50-54,"",25,""
S92000003,20220717,50-54,"",29,""
S92000003,20220724,50-54,"",24,""
S92000003,20220731,50-54,"",18,""
S92000003,20220807,50-54,"",12,""
S92000003,20220814,50-54,"",13,""
S92000003,20220821,50-54,"","",c
S92000003,20220828,50-54,"",11,""
S92000003,20220904,50-54,"",5,""
S92000003,20220911,50-54,"",13,""
S92000003,20220918,50-54,"",6,""
S92000003,20220925,50-54,"",8,""
S92000003,20221002,50-54,"",7,""
S92000003,20221009,50-54,"",6,""
S92000003,20221016,50-54,"",14,""
S92000003,20200301,55-59,"",0,""
S92000003,20200308,55-59,"","",c
S92000003,20200315,55-59,"","",c
S92000003,20200322,55-59,"",18,""
S92000003,20200329,55-59,"",73,""
S92000003,20200405,55-59,"",133,""
S92000003,20200412,55-59,"",80,""
S92000003,20200419,55-59,"",55,""
S92000003,20200426,55-59,"",25,""
S92000003,20200503,55-59,"",28,""
S92000003,20200510,55-59,"",24,""
S92000003,20200517,55-59,"",11,""
S92000003,20200524,55-59,"","",c
S92000003,20200531,55-59,"",5,""
S92000003,20200607,55-59,"",5,""
S92000003,20200614,55-59,"",0,""
S92000003,20200621,55-59,"","",c
S92000003,20200628,55-59,"","",c
S92000003,20200705,55-59,"",0,""
S92000003,20200712,55-59,"",0,""
S92000003,20200719,55-59,"",0,""
S92000003,20200726,55-59,"",0,""
S92000003,20200802,55-59,"","",c
S92000003,20200809,55-59,"",0,""
S92000003,20200816,55-59,"",0,""
S92000003,20200823,55-59,"","",c
S92000003,20200830,55-59,"","",c
S92000003,20200906,55-59,"",0,""
S92000003,20200913,55-59,"",6,""
S92000003,20200920,55-59,"",5,""
S92000003,20200927,55-59,"",10,""
S92000003,20201004,55-59,"",22,""
S92000003,20201011,55-59,"",33,""
S92000003,20201018,55-59,"",72,""
S92000003,20201025,55-59,"",72,""
S92000003,20201101,55-59,"",73,""
S92000003,20201108,55-59,"",49,""
S92000003,20201115,55-59,"",42,""
S92000003,20201122,55-59,"",48,""
S92000003,20201129,55-59,"",32,""
S92000003,20201206,55-59,"",19,""
S92000003,20201213,55-59,"",23,""
S92000003,20201220,55-59,"",46,""
S92000003,20201227,55-59,"",31,""
S92000003,20210103,55-59,"",71,""
S92000003,20210110,55-59,"",87,""
S92000003,20210117,55-59,"",97,""
S92000003,20210124,55-59,"",92,""
S92000003,20210131,55-59,"",76,""
S92000003,20210207,55-59,"",71,""
S92000003,20210214,55-59,"",48,""
S92000003,20210221,55-59,"",48,""
S92000003,20210228,55-59,"",49,""
S92000003,20210307,55-59,"",39,""
S92000003,20210314,55-59,"",29,""
S92000003,20210321,55-59,"",21,""
S92000003,20210328,55-59,"",21,""
S92000003,20210404,55-59,"",6,""
S92000003,20210411,55-59,"",15,""
S92000003,20210418,55-59,"","",c
S92000003,20210425,55-59,"",5,""
S92000003,20210502,55-59,"",6,""
S92000003,20210509,55-59,"","",c
S92000003,20210516,55-59,"",8,""
S92000003,20210523,55-59,"",7,""
S92000003,20210530,55-59,"",10,""
S92000003,20210606,55-59,"",9,""
S92000003,20210613,55-59,"",7,""
S92000003,20210620,55-59,"",13,""
S92000003,20210627,55-59,"",11,""
S92000003,20210704,55-59,"",27,""
S92000003,20210711,55-59,"",36,""
S92000003,20210718,55-59,"",24,""
S92000003,20210725,55-59,"",33,""
S92000003,20210801,55-59,"",19,""
S92000003,20210808,55-59,"",17,""
S92000003,20210815,55-59,"",14,""
S92000003,20210822,55-59,"",19,""
S92000003,20210829,55-59,"",34,""
S92000003,20210905,55-59,"",58,""
S92000003,20210912,55-59,"",60,""
S92000003,20210919,55-59,"",64,""
S92000003,20210926,55-59,"",56,""
S92000003,20211003,55-59,"",43,""
S92000003,20211010,55-59,"",40,""
S92000003,20211017,55-59,"",35,""
S92000003,20211024,55-59,"",33,""
S92000003,20211031,55-59,"",49,""
S92000003,20211107,55-59,"",45,""
S92000003,20211114,55-59,"",51,""
S92000003,20211121,55-59,"",49,""
S92000003,20211128,55-59,"",38,""
S92000003,20211205,55-59,"",34,""
S92000003,20211212,55-59,"",36,""
S92000003,20211219,55-59,"",32,""
S92000003,20211226,55-59,"",29,""
S92000003,20220102,55-59,"",53,""
S92000003,20220109,55-59,"",48,""
S92000003,20220116,55-59,"",45,""
S92000003,20220123,55-59,"",45,""
S92000003,20220130,55-59,"",29,""
S92000003,20220206,55-59,"",19,""
S92000003,20220213,55-59,"",27,""
S92000003,20220220,55-59,"",24,""
S92000003,20220227,55-59,"",24,""
S92000003,20220306,55-59,"",29,""
S92000003,20220313,55-59,"",52,""
S92000003,20220320,55-59,"",53,""
S92000003,20220327,55-59,"",33,""
S92000003,20220403,55-59,"",48,""
S92000003,20220410,55-59,"",47,""
S92000003,20220417,55-59,"",41,""
S92000003,20220424,55-59,"",27,""
S92000003,20220501,55-59,"",25,""
S92000003,20220508,55-59,"",21,""
S92000003,20220515,55-59,"","",c
S92000003,20220522,55-59,"",11,""
S92000003,20220529,55-59,"",18,""
S92000003,20220605,55-59,"",17,""
S92000003,20220612,55-59,"",27,""
S92000003,20220619,55-59,"",22,""
S92000003,20220626,55-59,"",47,""
S92000003,20220703,55-59,"",46,""
S92000003,20220710,55-59,"",46,""
S92000003,20220717,55-59,"",39,""
S92000003,20220724,55-59,"",31,""
S92000003,20220731,55-59,"",25,""
S92000003,20220807,55-59,"",11,""
S92000003,20220814,55-59,"",18,""
S92000003,20220821,55-59,"",14,""
S92000003,20220828,55-59,"",12,""
S92000003,20220904,55-59,"",12,""
S92000003,20220911,55-59,"",18,""
S92000003,20220918,55-59,"",18,""
S92000003,20220925,55-59,"",10,""
S92000003,20221002,55-59,"",8,""
S92000003,20221009,55-59,"",6,""
S92000003,20221016,55-59,"","",c
S92000003,20200301,60-64,"",0,""
S92000003,20200308,60-64,"",0,""
S92000003,20200315,60-64,"","",c
S92000003,20200322,60-64,"",26,""
S92000003,20200329,60-64,"",70,""
S92000003,20200405,60-64,"",107,""
S92000003,20200412,60-64,"",84,""
S92000003,20200419,60-64,"",53,""
S92000003,20200426,60-64,"",27,""
S92000003,20200503,60-64,"",25,""
S92000003,20200510,60-64,"",14,""
S92000003,20200517,60-64,"",12,""
S92000003,20200524,60-64,"",8,""
S92000003,20200531,60-64,"",8,""
S92000003,20200607,60-64,"",0,""
S92000003,20200614,60-64,"","",c
S92000003,20200621,60-64,"","",c
S92000003,20200628,60-64,"",0,""
S92000003,20200705,60-64,"",0,""
S92000003,20200712,60-64,"",0,""
S92000003,20200719,60-64,"","",c
S92000003,20200726,60-64,"","",c
S92000003,20200802,60-64,"",0,""
S92000003,20200809,60-64,"",0,""
S92000003,20200816,60-64,"","",c
S92000003,20200823,60-64,"","",c
S92000003,20200830,60-64,"","",c
S92000003,20200906,60-64,"",0,""
S92000003,20200913,60-64,"","",c
S92000003,20200920,60-64,"","",c
S92000003,20200927,60-64,"",15,""
S92000003,20201004,60-64,"",16,""
S92000003,20201011,60-64,"",40,""
S92000003,20201018,60-64,"",46,""
S92000003,20201025,60-64,"",60,""
S92000003,20201101,60-64,"",55,""
S92000003,20201108,60-64,"",50,""
S92000003,20201115,60-64,"",42,""
S92000003,20201122,60-64,"",38,""
S92000003,20201129,60-64,"",29,""
S92000003,20201206,60-64,"",28,""
S92000003,20201213,60-64,"",33,""
S92000003,20201220,60-64,"",39,""
S92000003,20201227,60-64,"",44,""
S92000003,20210103,60-64,"",75,""
S92000003,20210110,60-64,"",87,""
S92000003,20210117,60-64,"",102,""
S92000003,20210124,60-64,"",87,""
S92000003,20210131,60-64,"",69,""
S92000003,20210207,60-64,"",71,""
S92000003,20210214,60-64,"",51,""
S92000003,20210221,60-64,"",56,""
S92000003,20210228,60-64,"",42,""
S92000003,20210307,60-64,"",23,""
S92000003,20210314,60-64,"",17,""
S92000003,20210321,60-64,"",16,""
S92000003,20210328,60-64,"",18,""
S92000003,20210404,60-64,"",13,""
S92000003,20210411,60-64,"",6,""
S92000003,20210418,60-64,"","",c
S92000003,20210425,60-64,"","",c
S92000003,20210502,60-64,"","",c
S92000003,20210509,60-64,"","",c
S92000003,20210516,60-64,"","",c
S92000003,20210523,60-64,"","",c
S92000003,20210530,60-64,"",13,""
S92000003,20210606,60-64,"",5,""
S92000003,20210613,60-64,"",8,""
S92000003,20210620,60-64,"",10,""
S92000003,20210627,60-64,"",8,""
S92000003,20210704,60-64,"",28,""
S92000003,20210711,60-64,"",35,""
S92000003,20210718,60-64,"",39,""
S92000003,20210725,60-64,"",23,""
S92000003,20210801,60-64,"",18,""
S92000003,20210808,60-64,"",22,""
S92000003,20210815,60-64,"",22,""
S92000003,20210822,60-64,"",19,""
S92000003,20210829,60-64,"",36,""
S92000003,20210905,60-64,"",62,""
S92000003,20210912,60-64,"",80,""
S92000003,20210919,60-64,"",67,""
S92000003,20210926,60-64,"",46,""
S92000003,20211003,60-64,"",39,""
S92000003,20211010,60-64,"",38,""
S92000003,20211017,60-64,"",34,""
S92000003,20211024,60-64,"",49,""
S92000003,20211031,60-64,"",48,""
S92000003,20211107,60-64,"",50,""
S92000003,20211114,60-64,"",45,""
S92000003,20211121,60-64,"",45,""
S92000003,20211128,60-64,"",46,""
S92000003,20211205,60-64,"",26,""
S92000003,20211212,60-64,"",32,""
S92000003,20211219,60-64,"",26,""
S92000003,20211226,60-64,"",26,""
S92000003,20220102,60-64,"",44,""
S92000003,20220109,60-64,"",56,""
S92000003,20220116,60-64,"",60,""
S92000003,20220123,60-64,"",31,""
S92000003,20220130,60-64,"",29,""
S92000003,20220206,60-64,"",29,""
S92000003,20220213,60-64,"",27,""
S92000003,20220220,60-64,"",37,""
S92000003,20220227,60-64,"",36,""
S92000003,20220306,60-64,"",32,""
S92000003,20220313,60-64,"",40,""
S92000003,20220320,60-64,"",58,""
S92000003,20220327,60-64,"",63,""
S92000003,20220403,60-64,"",52,""
S92000003,20220410,60-64,"",37,""
S92000003,20220417,60-64,"",27,""
S92000003,20220424,60-64,"",28,""
S92000003,20220501,60-64,"",28,""
S92000003,20220508,60-64,"",21,""
S92000003,20220515,60-64,"",16,""
S92000003,20220522,60-64,"",16,""
S92000003,20220529,60-64,"",23,""
S92000003,20220605,60-64,"",25,""
S92000003,20220612,60-64,"",33,""
S92000003,20220619,60-64,"",37,""
S92000003,20220626,60-64,"",48,""
S92000003,20220703,60-64,"",61,""
S92000003,20220710,60-64,"",63,""
S92000003,20220717,60-64,"",44,""
S92000003,20220724,60-64,"",38,""
S92000003,20220731,60-64,"",33,""
S92000003,20220807,60-64,"",27,""
S92000003,20220814,60-64,"",19,""
S92000003,20220821,60-64,"",16,""
S92000003,20220828,60-64,"",19,""
S92000003,20220904,60-64,"",16,""
S92000003,20220911,60-64,"",20,""
S92000003,20220918,60-64,"",16,""
S92000003,20220925,60-64,"",16,""
S92000003,20221002,60-64,"",20,""
S92000003,20221009,60-64,"",16,""
S92000003,20221016,60-64,"",11,""
S92000003,20200301,65-69,"",0,""
S92000003,20200308,65-69,"",0,""
S92000003,20200315,65-69,"","",c
S92000003,20200322,65-69,"",16,""
S92000003,20200329,65-69,"",62,""
S92000003,20200405,65-69,"",106,""
S92000003,20200412,65-69,"",61,""
S92000003,20200419,65-69,"",30,""
S92000003,20200426,65-69,"",28,""
S92000003,20200503,65-69,"",17,""
S92000003,20200510,65-69,"",14,""
S92000003,20200517,65-69,"",6,""
S92000003,20200524,65-69,"","",c
S92000003,20200531,65-69,"",6,""
S92000003,20200607,65-69,"","",c
S92000003,20200614,65-69,"","",c
S92000003,20200621,65-69,"","",c
S92000003,20200628,65-69,"","",c
S92000003,20200705,65-69,"",0,""
S92000003,20200712,65-69,"","",c
S92000003,20200719,65-69,"",0,""
S92000003,20200726,65-69,"",0,""
S92000003,20200802,65-69,"",0,""
S92000003,20200809,65-69,"",0,""
S92000003,20200816,65-69,"","",c
S92000003,20200823,65-69,"","",c
S92000003,20200830,65-69,"","",c
S92000003,20200906,65-69,"","",c
S92000003,20200913,65-69,"","",c
S92000003,20200920,65-69,"",6,""
S92000003,20200927,65-69,"",15,""
S92000003,20201004,65-69,"",15,""
S92000003,20201011,65-69,"",25,""
S92000003,20201018,65-69,"",61,""
S92000003,20201025,65-69,"",75,""
S92000003,20201101,65-69,"",58,""
S92000003,20201108,65-69,"",32,""
S92000003,20201115,65-69,"",45,""
S92000003,20201122,65-69,"",41,""
S92000003,20201129,65-69,"",33,""
S92000003,20201206,65-69,"",29,""
S92000003,20201213,65-69,"",30,""
S92000003,20201220,65-69,"",23,""
S92000003,20201227,65-69,"",45,""
S92000003,20210103,65-69,"",66,""
S92000003,20210110,65-69,"",105,""
S92000003,20210117,65-69,"",97,""
S92000003,20210124,65-69,"",72,""
S92000003,20210131,65-69,"",56,""
S92000003,20210207,65-69,"",40,""
S92000003,20210214,65-69,"",37,""
S92000003,20210221,65-69,"",39,""
S92000003,20210228,65-69,"",36,""
S92000003,20210307,65-69,"","",c
S92000003,20210314,65-69,"",10,""
S92000003,20210321,65-69,"",7,""
S92000003,20210328,65-69,"",8,""
S92000003,20210404,65-69,"","",c
S92000003,20210411,65-69,"","",c
S92000003,20210418,65-69,"","",c
S92000003,20210425,65-69,"","",c
S92000003,20210502,65-69,"","",c
S92000003,20210509,65-69,"","",c
S92000003,20210516,65-69,"","",c
S92000003,20210523,65-69,"","",c
S92000003,20210530,65-69,"","",c
S92000003,20210606,65-69,"",5,""
S92000003,20210613,65-69,"",5,""
S92000003,20210620,65-69,"",10,""
S92000003,20210627,65-69,"",7,""
S92000003,20210704,65-69,"",16,""
S92000003,20210711,65-69,"",29,""
S92000003,20210718,65-69,"",29,""
S92000003,20210725,65-69,"",27,""
S92000003,20210801,65-69,"",21,""
S92000003,20210808,65-69,"",22,""
S92000003,20210815,65-69,"",12,""
S92000003,20210822,65-69,"",11,""
S92000003,20210829,65-69,"",30,""
S92000003,20210905,65-69,"",37,""
S92000003,20210912,65-69,"",66,""
S92000003,20210919,65-69,"",53,""
S92000003,20210926,65-69,"",56,""
S92000003,20211003,65-69,"",43,""
S92000003,20211010,65-69,"",48,""
S92000003,20211017,65-69,"",37,""
S92000003,20211024,65-69,"",45,""
S92000003,20211031,65-69,"",47,""
S92000003,20211107,65-69,"",41,""
S92000003,20211114,65-69,"",45,""
S92000003,20211121,65-69,"",29,""
S92000003,20211128,65-69,"",28,""
S92000003,20211205,65-69,"",23,""
S92000003,20211212,65-69,"",36,""
S92000003,20211219,65-69,"",20,""
S92000003,20211226,65-69,"",23,""
S92000003,20220102,65-69,"",58,""
S92000003,20220109,65-69,"",56,""
S92000003,20220116,65-69,"",60,""
S92000003,20220123,65-69,"",40,""
S92000003,20220130,65-69,"",32,""
S92000003,20220206,65-69,"",23,""
S92000003,20220213,65-69,"",30,""
S92000003,20220220,65-69,"",31,""
S92000003,20220227,65-69,"",47,""
S92000003,20220306,65-69,"",42,""
S92000003,20220313,65-69,"",61,""
S92000003,20220320,65-69,"",61,""
S92000003,20220327,65-69,"",88,""
S92000003,20220403,65-69,"",59,""
S92000003,20220410,65-69,"",40,""
S92000003,20220417,65-69,"",43,""
S92000003,20220424,65-69,"",31,""
S92000003,20220501,65-69,"",29,""
S92000003,20220508,65-69,"",30,""
S92000003,20220515,65-69,"",19,""
S92000003,20220522,65-69,"",25,""
S92000003,20220529,65-69,"",24,""
S92000003,20220605,65-69,"",29,""
S92000003,20220612,65-69,"",30,""
S92000003,20220619,65-69,"",40,""
S92000003,20220626,65-69,"",61,""
S92000003,20220703,65-69,"",87,""
S92000003,20220710,65-69,"",63,""
S92000003,20220717,65-69,"",76,""
S92000003,20220724,65-69,"",55,""
S92000003,20220731,65-69,"",37,""
S92000003,20220807,65-69,"",39,""
S92000003,20220814,65-69,"",30,""
S92000003,20220821,65-69,"",19,""
S92000003,20220828,65-69,"",17,""
S92000003,20220904,65-69,"",20,""
S92000003,20220911,65-69,"",16,""
S92000003,20220918,65-69,"",17,""
S92000003,20220925,65-69,"",27,""
S92000003,20221002,65-69,"",21,""
S92000003,20221009,65-69,"",21,""
S92000003,20221016,65-69,"",16,""
S92000003,20200301,70-74,"",0,""
S92000003,20200308,70-74,"","",c
S92000003,20200315,70-74,"",5,""
S92000003,20200322,70-74,"",30,""
S92000003,20200329,70-74,"",90,""
S92000003,20200405,70-74,"",135,""
S92000003,20200412,70-74,"",79,""
S92000003,20200419,70-74,"",50,""
S92000003,20200426,70-74,"",35,""
S92000003,20200503,70-74,"",26,""
S92000003,20200510,70-74,"",11,""
S92000003,20200517,70-74,"",16,""
S92000003,20200524,70-74,"",7,""
S92000003,20200531,70-74,"","",c
S92000003,20200607,70-74,"","",c
S92000003,20200614,70-74,"","",c
S92000003,20200621,70-74,"","",c
S92000003,20200628,70-74,"","",c
S92000003,20200705,70-74,"","",c
S92000003,20200712,70-74,"","",c
S92000003,20200719,70-74,"",0,""
S92000003,20200726,70-74,"",0,""
S92000003,20200802,70-74,"","",c
S92000003,20200809,70-74,"",0,""
S92000003,20200816,70-74,"","",c
S92000003,20200823,70-74,"",0,""
S92000003,20200830,70-74,"","",c
S92000003,20200906,70-74,"","",c
S92000003,20200913,70-74,"","",c
S92000003,20200920,70-74,"",9,""
S92000003,20200927,70-74,"",11,""
S92000003,20201004,70-74,"",24,""
S92000003,20201011,70-74,"",47,""
S92000003,20201018,70-74,"",65,""
S92000003,20201025,70-74,"",78,""
S92000003,20201101,70-74,"",64,""
S92000003,20201108,70-74,"",52,""
S92000003,20201115,70-74,"",54,""
S92000003,20201122,70-74,"",49,""
S92000003,20201129,70-74,"",48,""
S92000003,20201206,70-74,"",33,""
S92000003,20201213,70-74,"",33,""
S92000003,20201220,70-74,"",51,""
S92000003,20201227,70-74,"",39,""
S92000003,20210103,70-74,"",87,""
S92000003,20210110,70-74,"",115,""
S92000003,20210117,70-74,"",124,""
S92000003,20210124,70-74,"",95,""
S92000003,20210131,70-74,"",73,""
S92000003,20210207,70-74,"",55,""
S92000003,20210214,70-74,"",57,""
S92000003,20210221,70-74,"",39,""
S92000003,20210228,70-74,"",27,""
S92000003,20210307,70-74,"",23,""
S92000003,20210314,70-74,"",16,""
S92000003,20210321,70-74,"",11,""
S92000003,20210328,70-74,"","",c
S92000003,20210404,70-74,"",5,""
S92000003,20210411,70-74,"","",c
S92000003,20210418,70-74,"","",c
S92000003,20210425,70-74,"","",c
S92000003,20210502,70-74,"","",c
S92000003,20210509,70-74,"","",c
S92000003,20210516,70-74,"",0,""
S92000003,20210523,70-74,"",6,""
S92000003,20210530,70-74,"","",c
S92000003,20210606,70-74,"",5,""
S92000003,20210613,70-74,"",8,""
S92000003,20210620,70-74,"",12,""
S92000003,20210627,70-74,"",12,""
S92000003,20210704,70-74,"",25,""
S92000003,20210711,70-74,"",27,""
S92000003,20210718,70-74,"",23,""
S92000003,20210725,70-74,"",19,""
S92000003,20210801,70-74,"",15,""
S92000003,20210808,70-74,"",24,""
S92000003,20210815,70-74,"",13,""
S92000003,20210822,70-74,"",27,""
S92000003,20210829,70-74,"",50,""
S92000003,20210905,70-74,"",69,""
S92000003,20210912,70-74,"",67,""
S92000003,20210919,70-74,"",80,""
S92000003,20210926,70-74,"",60,""
S92000003,20211003,70-74,"",50,""
S92000003,20211010,70-74,"",56,""
S92000003,20211017,70-74,"",36,""
S92000003,20211024,70-74,"",76,""
S92000003,20211031,70-74,"",63,""
S92000003,20211107,70-74,"",53,""
S92000003,20211114,70-74,"",46,""
S92000003,20211121,70-74,"",26,""
S92000003,20211128,70-74,"",29,""
S92000003,20211205,70-74,"",22,""
S92000003,20211212,70-74,"",23,""
S92000003,20211219,70-74,"",16,""
S92000003,20211226,70-74,"",21,""
S92000003,20220102,70-74,"",50,""
S92000003,20220109,70-74,"",67,""
S92000003,20220116,70-74,"",57,""
S92000003,20220123,70-74,"",35,""
S92000003,20220130,70-74,"",32,""
S92000003,20220206,70-74,"",27,""
S92000003,20220213,70-74,"",31,""
S92000003,20220220,70-74,"",37,""
S92000003,20220227,70-74,"",54,""
S92000003,20220306,70-74,"",51,""
S92000003,20220313,70-74,"",79,""
S92000003,20220320,70-74,"",80,""
S92000003,20220327,70-74,"",78,""
S92000003,20220403,70-74,"",77,""
S92000003,20220410,70-74,"",69,""
S92000003,20220417,70-74,"",64,""
S92000003,20220424,70-74,"",52,""
S92000003,20220501,70-74,"",41,""
S92000003,20220508,70-74,"",32,""
S92000003,20220515,70-74,"",31,""
S92000003,20220522,70-74,"",22,""
S92000003,20220529,70-74,"",28,""
S92000003,20220605,70-74,"",45,""
S92000003,20220612,70-74,"",59,""
S92000003,20220619,70-74,"",61,""
S92000003,20220626,70-74,"",96,""
S92000003,20220703,70-74,"",88,""
S92000003,20220710,70-74,"",92,""
S92000003,20220717,70-74,"",91,""
S92000003,20220724,70-74,"",88,""
S92000003,20220731,70-74,"",63,""
S92000003,20220807,70-74,"",42,""
S92000003,20220814,70-74,"",29,""
S92000003,20220821,70-74,"",40,""
S92000003,20220828,70-74,"",32,""
S92000003,20220904,70-74,"",29,""
S92000003,20220911,70-74,"",29,""
S92000003,20220918,70-74,"",34,""
S92000003,20220925,70-74,"",28,""
S92000003,20221002,70-74,"",25,""
S92000003,20221009,70-74,"",34,""
S92000003,20221016,70-74,"",31,""
S92000003,20200301,75-79,"",0,""
S92000003,20200308,75-79,"",0,""
S92000003,20200315,75-79,"",5,""
S92000003,20200322,75-79,"",23,""
S92000003,20200329,75-79,"",95,""
S92000003,20200405,75-79,"",119,""
S92000003,20200412,75-79,"",79,""
S92000003,20200419,75-79,"",53,""
S92000003,20200426,75-79,"",38,""
S92000003,20200503,75-79,"",27,""
S92000003,20200510,75-79,"",15,""
S92000003,20200517,75-79,"",13,""
S92000003,20200524,75-79,"",9,""
S92000003,20200531,75-79,"","",c
S92000003,20200607,75-79,"","",c
S92000003,20200614,75-79,"",6,""
S92000003,20200621,75-79,"","",c
S92000003,20200628,75-79,"","",c
S92000003,20200705,75-79,"",0,""
S92000003,20200712,75-79,"","",c
S92000003,20200719,75-79,"","",c
S92000003,20200726,75-79,"",0,""
S92000003,20200802,75-79,"",0,""
S92000003,20200809,75-79,"",0,""
S92000003,20200816,75-79,"",0,""
S92000003,20200823,75-79,"","",c
S92000003,20200830,75-79,"",0,""
S92000003,20200906,75-79,"","",c
S92000003,20200913,75-79,"","",c
S92000003,20200920,75-79,"","",c
S92000003,20200927,75-79,"",16,""
S92000003,20201004,75-79,"",27,""
S92000003,20201011,75-79,"",43,""
S92000003,20201018,75-79,"",51,""
S92000003,20201025,75-79,"",67,""
S92000003,20201101,75-79,"",71,""
S92000003,20201108,75-79,"",64,""
S92000003,20201115,75-79,"",42,""
S92000003,20201122,75-79,"",54,""
S92000003,20201129,75-79,"",34,""
S92000003,20201206,75-79,"",28,""
S92000003,20201213,75-79,"",43,""
S92000003,20201220,75-79,"",37,""
S92000003,20201227,75-79,"",43,""
S92000003,20210103,75-79,"",88,""
S92000003,20210110,75-79,"",88,""
S92000003,20210117,75-79,"",89,""
S92000003,20210124,75-79,"",77,""
S92000003,20210131,75-79,"",88,""
S92000003,20210207,75-79,"",54,""
S92000003,20210214,75-79,"",53,""
S92000003,20210221,75-79,"",38,""
S92000003,20210228,75-79,"",37,""
S92000003,20210307,75-79,"",12,""
S92000003,20210314,75-79,"",8,""
S92000003,20210321,75-79,"",8,""
S92000003,20210328,75-79,"",5,""
S92000003,20210404,75-79,"",10,""
S92000003,20210411,75-79,"",5,""
S92000003,20210418,75-79,"","",c
S92000003,20210425,75-79,"","",c
S92000003,20210502,75-79,"","",c
S92000003,20210509,75-79,"",5,""
S92000003,20210516,75-79,"",5,""
S92000003,20210523,75-79,"",5,""
S92000003,20210530,75-79,"","",c
S92000003,20210606,75-79,"",5,""
S92000003,20210613,75-79,"",7,""
S92000003,20210620,75-79,"",10,""
S92000003,20210627,75-79,"",18,""
S92000003,20210704,75-79,"",20,""
S92000003,20210711,75-79,"",36,""
S92000003,20210718,75-79,"",32,""
S92000003,20210725,75-79,"",25,""
S92000003,20210801,75-79,"",24,""
S92000003,20210808,75-79,"",15,""
S92000003,20210815,75-79,"",19,""
S92000003,20210822,75-79,"",21,""
S92000003,20210829,75-79,"",37,""
S92000003,20210905,75-79,"",60,""
S92000003,20210912,75-79,"",84,""
S92000003,20210919,75-79,"",74,""
S92000003,20210926,75-79,"",50,""
S92000003,20211003,75-79,"",49,""
S92000003,20211010,75-79,"",61,""
S92000003,20211017,75-79,"",53,""
S92000003,20211024,75-79,"",65,""
S92000003,20211031,75-79,"",72,""
S92000003,20211107,75-79,"",50,""
S92000003,20211114,75-79,"",39,""
S92000003,20211121,75-79,"",23,""
S92000003,20211128,75-79,"",25,""
S92000003,20211205,75-79,"",17,""
S92000003,20211212,75-79,"",15,""
S92000003,20211219,75-79,"",19,""
S92000003,20211226,75-79,"",25,""
S92000003,20220102,75-79,"",68,""
S92000003,20220109,75-79,"",69,""
S92000003,20220116,75-79,"",53,""
S92000003,20220123,75-79,"",40,""
S92000003,20220130,75-79,"",35,""
S92000003,20220206,75-79,"",33,""
S92000003,20220213,75-79,"",39,""
S92000003,20220220,75-79,"",55,""
S92000003,20220227,75-79,"",62,""
S92000003,20220306,75-79,"",70,""
S92000003,20220313,75-79,"",85,""
S92000003,20220320,75-79,"",109,""
S92000003,20220327,75-79,"",121,""
S92000003,20220403,75-79,"",100,""
S92000003,20220410,75-79,"",85,""
S92000003,20220417,75-79,"",78,""
S92000003,20220424,75-79,"",56,""
S92000003,20220501,75-79,"",42,""
S92000003,20220508,75-79,"",27,""
S92000003,20220515,75-79,"",46,""
S92000003,20220522,75-79,"",24,""
S92000003,20220529,75-79,"",33,""
S92000003,20220605,75-79,"",30,""
S92000003,20220612,75-79,"",33,""
S92000003,20220619,75-79,"",44,""
S92000003,20220626,75-79,"",87,""
S92000003,20220703,75-79,"",89,""
S92000003,20220710,75-79,"",84,""
S92000003,20220717,75-79,"",86,""
S92000003,20220724,75-79,"",82,""
S92000003,20220731,75-79,"",59,""
S92000003,20220807,75-79,"",42,""
S92000003,20220814,75-79,"",43,""
S92000003,20220821,75-79,"",33,""
S92000003,20220828,75-79,"",26,""
S92000003,20220904,75-79,"",33,""
S92000003,20220911,75-79,"",35,""
S92000003,20220918,75-79,"",27,""
S92000003,20220925,75-79,"",30,""
S92000003,20221002,75-79,"",29,""
S92000003,20221009,75-79,"",40,""
S92000003,20221016,75-79,"",30,""
S92000003,20200301,80+,"",0,""
S92000003,20200308,80+,"",0,""
S92000003,20200315,80+,"",10,""
S92000003,20200322,80+,"",46,""
S92000003,20200329,80+,"",157,""
S92000003,20200405,80+,"",248,""
S92000003,20200412,80+,"",227,""
S92000003,20200419,80+,"",149,""
S92000003,20200426,80+,"",109,""
S92000003,20200503,80+,"",97,""
S92000003,20200510,80+,"",68,""
S92000003,20200517,80+,"",51,""
S92000003,20200524,80+,"",31,""
S92000003,20200531,80+,"",11,""
S92000003,20200607,80+,"",11,""
S92000003,20200614,80+,"",5,""
S92000003,20200621,80+,"",7,""
S92000003,20200628,80+,"","",c
S92000003,20200705,80+,"","",c
S92000003,20200712,80+,"","",c
S92000003,20200719,80+,"","",c
S92000003,20200726,80+,"",0,""
S92000003,20200802,80+,"","",c
S92000003,20200809,80+,"","",c
S92000003,20200816,80+,"","",c
S92000003,20200823,80+,"","",c
S92000003,20200830,80+,"","",c
S92000003,20200906,80+,"",5,""
S92000003,20200913,80+,"",5,""
S92000003,20200920,80+,"",15,""
S92000003,20200927,80+,"",17,""
S92000003,20201004,80+,"",32,""
S92000003,20201011,80+,"",80,""
S92000003,20201018,80+,"",109,""
S92000003,20201025,80+,"",146,""
S92000003,20201101,80+,"",124,""
S92000003,20201108,80+,"",112,""
S92000003,20201115,80+,"",120,""
S92000003,20201122,80+,"",96,""
S92000003,20201129,80+,"",105,""
S92000003,20201206,80+,"",95,""
S92000003,20201213,80+,"",108,""
S92000003,20201220,80+,"",99,""
S92000003,20201227,80+,"",122,""
S92000003,20210103,80+,"",165,""
S92000003,20210110,80+,"",232,""
S92000003,20210117,80+,"",232,""
S92000003,20210124,80+,"",193,""
S92000003,20210131,80+,"",169,""
S92000003,20210207,80+,"",120,""
S92000003,20210214,80+,"",88,""
S92000003,20210221,80+,"",77,""
S92000003,20210228,80+,"",42,""
S92000003,20210307,80+,"",38,""
S92000003,20210314,80+,"",25,""
S92000003,20210321,80+,"",13,""
S92000003,20210328,80+,"",13,""
S92000003,20210404,80+,"",11,""
S92000003,20210411,80+,"",7,""
S92000003,20210418,80+,"",7,""
S92000003,20210425,80+,"","",c
S92000003,20210502,80+,"",6,""
S92000003,20210509,80+,"","",c
S92000003,20210516,80+,"","",c
S92000003,20210523,80+,"",11,""
S92000003,20210530,80+,"",6,""
S92000003,20210606,80+,"",16,""
S92000003,20210613,80+,"",10,""
S92000003,20210620,80+,"",11,""
S92000003,20210627,80+,"",26,""
S92000003,20210704,80+,"",39,""
S92000003,20210711,80+,"",83,""
S92000003,20210718,80+,"",56,""
S92000003,20210725,80+,"",47,""
S92000003,20210801,80+,"",37,""
S92000003,20210808,80+,"",37,""
S92000003,20210815,80+,"",33,""
S92000003,20210822,80+,"",40,""
S92000003,20210829,80+,"",88,""
S92000003,20210905,80+,"",126,""
S92000003,20210912,80+,"",178,""
S92000003,20210919,80+,"",149,""
S92000003,20210926,80+,"",115,""
S92000003,20211003,80+,"",114,""
S92000003,20211010,80+,"",123,""
S92000003,20211017,80+,"",118,""
S92000003,20211024,80+,"",129,""
S92000003,20211031,80+,"",102,""
S92000003,20211107,80+,"",91,""
S92000003,20211114,80+,"",61,""
S92000003,20211121,80+,"",59,""
S92000003,20211128,80+,"",34,""
S92000003,20211205,80+,"",52,""
S92000003,20211212,80+,"",39,""
S92000003,20211219,80+,"",29,""
S92000003,20211226,80+,"",71,""
S92000003,20220102,80+,"",156,""
S92000003,20220109,80+,"",156,""
S92000003,20220116,80+,"",119,""
S92000003,20220123,80+,"",113,""
S92000003,20220130,80+,"",88,""
S92000003,20220206,80+,"",74,""
S92000003,20220213,80+,"",82,""
S92000003,20220220,80+,"",105,""
S92000003,20220227,80+,"",155,""
S92000003,20220306,80+,"",144,""
S92000003,20220313,80+,"",204,""
S92000003,20220320,80+,"",238,""
S92000003,20220327,80+,"",197,""
S92000003,20220403,80+,"",256,""
S92000003,20220410,80+,"",219,""
S92000003,20220417,80+,"",151,""
S92000003,20220424,80+,"",135,""
S92000003,20220501,80+,"",115,""
S92000003,20220508,80+,"",83,""
S92000003,20220515,80+,"",85,""
S92000003,20220522,80+,"",61,""
S92000003,20220529,80+,"",61,""
S92000003,20220605,80+,"",63,""
S92000003,20220612,80+,"",123,""
S92000003,20220619,80+,"",157,""
S92000003,20220626,80+,"",201,""
S92000003,20220703,80+,"",210,""
S92000003,20220710,80+,"",240,""
S92000003,20220717,80+,"",185,""
S92000003,20220724,80+,"",166,""
S92000003,20220731,80+,"",118,""
S92000003,20220807,80+,"",83,""
S92000003,20220814,80+,"",79,""
S92000003,20220821,80+,"",70,""
S92000003,20220828,80+,"",69,""
S92000003,20220904,80+,"",85,""
S92000003,20220911,80+,"",89,""
S92000003,20220918,80+,"",84,""
S92000003,20220925,80+,"",68,""
S92000003,20221002,80+,"",71,""
S92000003,20221009,80+,"",79,""
S92000003,20221016,80+,"",89,""
S92000003,20200301,Total,"","",c
S92000003,20200308,Total,"",12,""
S92000003,20200315,Total,"",57,""
S92000003,20200322,Total,"",209,""
S92000003,20200329,Total,"",718,""
S92000003,20200405,Total,"",1069,""
S92000003,20200412,Total,"",765,""
S92000003,20200419,Total,"",507,""
S92000003,20200426,Total,"",339,""
S92000003,20200503,Total,"",282,""
S92000003,20200510,Total,"",194,""
S92000003,20200517,Total,"",139,""
S92000003,20200524,Total,"",80,""
S92000003,20200531,Total,"",46,""
S92000003,20200607,Total,"",29,""
S92000003,20200614,Total,"",22,""
S92000003,20200621,Total,"",15,""
S92000003,20200628,Total,"",11,""
S92000003,20200705,Total,"",5,""
S92000003,20200712,Total,"",6,""
S92000003,20200719,Total,"","",c
S92000003,20200726,Total,"","",c
S92000003,20200802,Total,"","",c
S92000003,20200809,Total,"","",c
S92000003,20200816,Total,"",11,""
S92000003,20200823,Total,"",12,""
S92000003,20200830,Total,"",18,""
S92000003,20200906,Total,"",19,""
S92000003,20200913,Total,"",37,""
S92000003,20200920,Total,"",62,""
S92000003,20200927,Total,"",113,""
S92000003,20201004,Total,"",189,""
S92000003,20201011,Total,"",351,""
S92000003,20201018,Total,"",527,""
S92000003,20201025,Total,"",644,""
S92000003,20201101,Total,"",611,""
S92000003,20201108,Total,"",474,""
S92000003,20201115,Total,"",478,""
S92000003,20201122,Total,"",452,""
S92000003,20201129,Total,"",377,""
S92000003,20201206,Total,"",327,""
S92000003,20201213,Total,"",343,""
S92000003,20201220,Total,"",394,""
S92000003,20201227,Total,"",418,""
S92000003,20210103,Total,"",720,""
S92000003,20210110,Total,"",950,""
S92000003,20210117,Total,"",993,""
S92000003,20210124,Total,"",857,""
S92000003,20210131,Total,"",713,""
S92000003,20210207,Total,"",563,""
S92000003,20210214,Total,"",465,""
S92000003,20210221,Total,"",437,""
S92000003,20210228,Total,"",340,""
S92000003,20210307,Total,"",246,""
S92000003,20210314,Total,"",186,""
S92000003,20210321,Total,"",160,""
S92000003,20210328,Total,"",148,""
S92000003,20210404,Total,"",119,""
S92000003,20210411,Total,"",106,""
S92000003,20210418,Total,"",67,""
S92000003,20210425,Total,"",63,""
S92000003,20210502,Total,"",53,""
S92000003,20210509,Total,"",58,""
S92000003,20210516,Total,"",57,""
S92000003,20210523,Total,"",107,""
S92000003,20210530,Total,"",106,""
S92000003,20210606,Total,"",144,""
S92000003,20210613,Total,"",150,""
S92000003,20210620,Total,"",186,""
S92000003,20210627,Total,"",223,""
S92000003,20210704,Total,"",366,""
S92000003,20210711,Total,"",508,""
S92000003,20210718,Total,"",448,""
S92000003,20210725,Total,"",351,""
S92000003,20210801,Total,"",277,""
S92000003,20210808,Total,"",248,""
S92000003,20210815,Total,"",219,""
S92000003,20210822,Total,"",265,""
S92000003,20210829,Total,"",510,""
S92000003,20210905,Total,"",713,""
S92000003,20210912,Total,"",925,""
S92000003,20210919,Total,"",817,""
S92000003,20210926,Total,"",608,""
S92000003,20211003,Total,"",532,""
S92000003,20211010,Total,"",539,""
S92000003,20211017,Total,"",460,""
S92000003,20211024,Total,"",563,""
S92000003,20211031,Total,"",554,""
S92000003,20211107,Total,"",498,""
S92000003,20211114,Total,"",474,""
S92000003,20211121,Total,"",383,""
S92000003,20211128,Total,"",364,""
S92000003,20211205,Total,"",327,""
S92000003,20211212,Total,"",354,""
S92000003,20211219,Total,"",320,""
S92000003,20211226,Total,"",417,""
S92000003,20220102,Total,"",752,""
S92000003,20220109,Total,"",764,""
S92000003,20220116,Total,"",662,""
S92000003,20220123,Total,"",557,""
S92000003,20220130,Total,"",454,""
S92000003,20220206,Total,"",434,""
S92000003,20220213,Total,"",419,""
S92000003,20220220,Total,"",484,""
S92000003,20220227,Total,"",588,""
S92000003,20220306,Total,"",609,""
S92000003,20220313,Total,"",805,""
S92000003,20220320,Total,"",930,""
S92000003,20220327,Total,"",896,""
S92000003,20220403,Total,"",858,""
S92000003,20220410,Total,"",716,""
S92000003,20220417,Total,"",567,""
S92000003,20220424,Total,"",448,""
S92000003,20220501,Total,"",363,""
S92000003,20220508,Total,"",286,""
S92000003,20220515,Total,"",299,""
S92000003,20220522,Total,"",217,""
S92000003,20220529,Total,"",265,""
S92000003,20220605,Total,"",298,""
S92000003,20220612,Total,"",426,""
S92000003,20220619,Total,"",506,""
S92000003,20220626,Total,"",734,""
S92000003,20220703,Total,"",782,""
S92000003,20220710,Total,"",777,""
S92000003,20220717,Total,"",693,""
S92000003,20220724,Total,"",605,""
S92000003,20220731,Total,"",450,""
S92000003,20220807,Total,"",344,""
S92000003,20220814,Total,"",302,""
S92000003,20220821,Total,"",247,""
S92000003,20220828,Total,"",257,""
S92000003,20220904,Total,"",273,""
S92000003,20220911,Total,"",281,""
S92000003,20220918,Total,"",258,""
S92000003,20220925,Total,"",237,""
S92000003,20221002,Total,"",211,""
S92000003,20221009,Total,"",242,""
S92000003,20221016,Total,"",236,""
